{
  "mean_error": 0.06260640145716316,
  "median_error": 0.05864667719971045,
  "std_error": 0.028524158830929867,
  "max_error": 0.19760450577073654,
  "rmse": 0.06879817686848684
}