{
  "metrics": {
    "noisy_edge_error_mean_mm": 110.55353497711008,
    "noisy_edge_error_max_mm": 545.5125998112064,
    "optimized_edge_error_mean_mm": 9.04870356301036,
    "optimized_edge_error_max_mm": 46.647539107301625,
    "noisy_edge_std_mm": 139.25017608644785,
    "optimized_edge_std_mm": 3.946691138826555e-13,
    "noisy_centroid_jitter_mm": 118.94911216766181,
    "optimized_centroid_jitter_mm": 89.63462632547491
  },
  "config": {
    "topology": "cube_asymmetric",
    "n_frames": 200,
    "n_markers": 11,
    "optimization": {
      "max_iterations": 300,
      "weights": {
        "data": 100.0,
        "rigid": 500.0,
        "soft": 10.0,
        "rot_smooth": 200.0,
        "trans_smooth": 200.0
      }
    }
  }
}